2021-12-01-08:56-MUS-MAX-679;HAHAHA;04.12.2021;1638621850;"	nix@nix.de"
2021-12-01-08:56-MUS-MAX-679;Sta se radi matori;04.12.2021;1638656584;	nix@nix.de
2021-12-01-08:56-MUS-MAX-679;What if I did this?<br>haha!;05.12.2021;1638720769;	nix@nix.de
2021-12-01-08:56-MUS-MAX-679;hallo<div class='thread'<br /></div>please;05.12.2021;1638720891;	nix@nix.de
2021-12-01-08:56-MUS-MAX-679;whatever man<div class='thread' <br />I am done</div>;05.12.2021;1638721084;	nix@nix.de
2021-12-01-08:56-MUS-MAX-679;whatever man<br />I am done;05.12.2021;1638721132;	nix@nix.de
2021-12-01-08:56-MUS-MAX-679;;07.12.2021;1638899817;	nix@nix.de
2021-12-01-08:56-MUS-MAX-679;;07.12.21;1638901653;	nix@nix.de
;2021-12-01-08:56-MUS-MAX-679;;07.12.21;1638901835;	nix@nix.de
on;2021-12-01-08:56-MUS-MAX-679;;07.12.21;1638901863;	nix@nix.de
on;2021-12-01-08:56-MUS-MAX-679;;07.12.21;1638901980;	nix@nix.de
on;2021-12-01-08:56-MUS-MAX-679;;07.12.21;19:34;Hallooooo
on;2021-12-01-08:56-MUS-MAX-679;	nix@nix.de;07.12.21;19:34;Hallooooo
on;2021-12-01-08:56-MUS-MAX-679;	nix@nix.de;07.12.21;19:36;OOOOOOO
on;2021-12-01-08:56-MUS-MAX-679;	nix@nix.de;07.12.21;19:36;OOOOOOO
on;2021-12-01-08:56-MUS-MAX-679;	nix@nix.de;07.12.21;19:38;OOOOOOO
5;2021-12-01-08:56-MUS-MAX-679;	nix@nix.de;07.12.21;19:40;kako
5;2021-12-01-08:56-MUS-MAX-679;	nix@nix.de;07.12.21;19:40;kako
5;2021-12-01-08:56-MUS-MAX-679;	nix@nix.de;08.12.21;08:53;kako
5;2021-12-01-08:56-MUS-MAX-679;	nix@nix.de;08.12.21;09:12;kako
5;2021-12-01-08:56-MUS-MAX-679;	nix@nix.de;08.12.21;09:23;Was geht ab
5;2021-12-01-08:56-MUS-MAX-679;	nix@nix.de;08.12.21;09:23;Was geht ab
